ID,STORE NAME
VN0435,VN0435 The West
VN0436,VN0436 Doi Can
VN0437,VN0437 Nguyen Huu Huan
VN0438,VN0438 Ha Trung
VN0439,VN0439 Hang Dau
VN0442,VN0442 Taisei Square
VN0443,VN0443 Nguyen Ngoc Vu
VN0444,VN0444 Dao Duy Anh
VN0446,VN0446 Trieu Khuc
VN0447,VN0447 Nguyen Son
VN0448,VN0448 Nguyen Van Loc
VN0450,VN0450 Mipec Tower
VN0451,VN0451 36 Duy Tan
VN0452,VN0452 Park 1
VN0453,VN0453 Park 11
VN0454,VN0454 Park 3
VN0459,VN0459 Ngu Xa
VN0460,VN0460 Skyline
VN0461,VN0461 Dai hoc Dai Nam
VN0462,VN0462 Le Trong Tan
VN0464,VN0464 DH Thuy Loi
VN0465,VN0465 FLC Pham Hung
VN0466,VN0466 The Terra 1
VN0467,VN0467 The Terra 2
VN0468,VN0468 Vinhomes Sym
VN0469,VN0469 Nguyen Khuyen
VN0470,VN0470 Nguy Nhu Kon Tum
VN0471,VN0471 KĐT Van Phu
VN0472,VN0472 CT1 Ngo Thi Nham
VN0473,VN0473 Thang Long Tower
VN0474,VN0474 Chua Lang
VN0476,VN0476 HV Nong Nghiep
VN0477,VN0477 Dai Hoc Ha Noi
VN0479,VN0479 D Capitale
VN0480,VN0480 Hang Bong
VN0484,VN0484 Le Van Luong
VN0485,VN0485 Lang S.Vien Hacinco
VN0486,VN0486 N03 Ngoai Giao Doan
VN0488,VN0488 DH Su Pham
VN0490,VN0490 Vu Trong Phung
VN0492,VN0492 Century Tower
VN0495,VN0495 IEC Thanh Tri
VN0496,VN0496 Luxury Park Views
VN0497,VN0497 Licogi 13
VN0498,VN0498 Ma May
VN0499,VN0499 The Armor Giang Vo
VN0500,VN0500 Nguyen Trai
VN0501,VN0501 Tran Dai Nghia
VN0502,VN0502 Vinaconex 3
VN0503,VN0503 Chien Thang T.Liet
VN0506,VN0506 Vincom Tran Duy Hung
VN0507,VN0507 Tran Van Lai
VN0509,VN0509 To Hien Thanh
VN0510,VN0510 GD Palace Tu Liem
VN0511,VN0511 Super Hotel
VN0512,VN0512 Vu Pham Ham
VN0515,VN0515 Ngoai Giao Doan 2
VN0518,VN0518 Tam Trinh
VN0514,VN0514 DH Ngoai Thuong
VN0519,VN0519 Nguyen Huy Tuong
VN0524,VN0524 DH Lao Dong XH
VN0523,VN0523 CMC Cau Giay
VN0521,VN0521 Riverside Phu Thuong
VN0522,VN0522 Sunshine Tu Liem
VN0528,Hope Residences
VN0531,Tecco Skyville Tower Thanh Tri
